1,PACE250COM100,Acetazolamida 250 mg. x 100 comprimidos,si,acetazolamida-250-mg-x-100-comprimidos
2,PACE600GRA_20,Acetilcisteina 600 mg. polvo para solucion oral x 20 sobres,si,acetilcisteina-600-mg-polvo-para-solucion-oral-x-20-sobres
3,PACI400COM_50,Aciclovir 400 mg. x 50 comprimidos,si,aciclovir-400-mg-x-50-comprimidos
5,PACI800COM_50,Aciclovir 800 mg. x 50 comprimidos,si,aciclovir-800-mg-x-50-comprimidos
6,PACI__5SEM__5,Aciclovir 5 % Crema x 1 tubo x 5 g.,si,aciclovir-5-porciento-crema-x-1-tubo-x-5-g
7,PALC120,Alcohol Medicinal frasco x 120 ml,si,alcohol-medicinal-frasco-x-120-ml
8,PALC450,Alcohol Medicinal frasco x 450 ml,si,alcohol-medicinal-frasco-x-450-ml
9,PALC950,Alcohol Medicinal frasco x 950 ml,si,alcohol-medicinal-frasco-x-950-ml
10,PALC_60,Alcohol Medicinal frasco x 60 ml,si,alcohol-medicinal-frasco-x-60-ml
11,PAMB_15JAR100,Ambroxol 15 mg. / 5 ml. Jarabe x 1 Fco. x 100 ml.,si,ambroxol-15-mg--5-ml-jarabe-x-1-fco-x-100-ml
12,PAMB_30JAR100,Ambroxol 30 mg. / 5 ml. Jarabe x 1 Fco. x 100 ml.,si,ambroxol-30-mg--5-ml-jarabe-x-1-fco-x-100-ml
13,PAMO000COM200,Amoximil 1000 mg. x 200 comprimidos,si,amoximil-1000-mg-x-200-comprimidos
14,PAMO125SUS_60,Amoxicilina 125 mg. / 5 ml. Suspension x 1 Fco. x 60 ml.,si,amoxicilina-125-mg--5-ml-suspension-x-1-fco-x-60-ml
15,PAMO250100S100,Amoxicilina 250 mg. / 5 ml. Suspension x 1 Fco. x 100 ml.,si,amoxicilina-250-mg--5-ml-suspension-x-1-fco-x-100-ml
16,PAMO500CAP500,Amoxicilina 500 mg. x 500 cápsulas,si,amoxicilina-500-mg-x-500-cpsulas
17,PAMO500COM500,Amoxicilina 500 mg. x 500 comprimidos,si,amoxicilina-500-mg-x-500-comprimidos
18,PAMO500SUS100,Amoxicilina 500 mg. / 5 ml. Suspension x 1 Fco. x 100 ml.,si,amoxicilina-500-mg--5-ml-suspension-x-1-fco-x-100-ml
19,PAMP000COM200,Ampimil 1000 mg. x 200 comprimidos,si,ampimil-1000-mg-x-200-comprimidos
20,PAMP500CAP500,Ampicilina 500 mg. x 500 cápsulas,si,ampicilina-500-mg-x-500-cpsulas
21,PAZI200SUS_60,Azitromicina 200 mg. / 5 ml. Suspension x 1 Fco. x 15 ml.,si,azitromicina-200-mg--5-ml-suspension-x-1-fco-x-15-ml
22,PAZI500COM_10,Azitromicina 500 mg. x 10 comprimidos,si,azitromicina-500-mg-x-10-comprimidos
23,PBIC_20GRA_20,Bicarbonato de Sodio 20 g. x 20 sobres,si,bicarbonato-de-sodio-20-g-x-20-sobres
24,PBRO__8COM100,Bromhexina 8 mg. x 100 comprimidos,si,bromhexina-8-mg-x-100-comprimidos
25,PCAL500COM100,Calcio 500 mg. x 100 comprimidos,si,calcio-500-mg-x-100-comprimidos
26,PCALD500COM_30,Calcio 500mg + Vitamina D x 30 comprimidos,si,calcio-500mg--vitamina-d-x-30-comprimidos
28,PCAR200COM_50,Carbamazepina 200 mg. x 50 comprimidos,si,carbamazepina-200-mg-x-50-comprimidos
29,PCET_10COM_50,Cetirizina 10 mg. x 50 comprimidos,si,cetirizina-10-mg-x-50-comprimidos
30,PCIP500COM100,Ciprofloxacina 500 mg. x 100 comprimidos,si,ciprofloxacina-500-mg-x-100-comprimidos
31,PCLA500COM_20,Claritromicina 500 mg x 20 Comprimidos recubiertos,si,claritromicina-500-mg-x-20-comprimidos-recubiertos
32,PCLO250SUS_60,Cloranfenicol 250 mg. / 5 ml. Suspension x 1 Fco. x 60 ml.,si,cloranfenicol-250-mg--5-ml-suspension-x-1-fco-x-60-ml
33,PCLO500CAP100,Cloranfenicol 500 mg. x 100 cápsulas,si,cloranfenicol-500-mg-x-100-cpsulas
39,PCOLAGUMICHID100ML,Agua Micelar Hidraderm 100 ml,SI,agua-micelar-hidraderm-100-ml
40,PCOLAGUMICHID200ML,Agua Micelar Hidraderm 200 ml,SI,agua-micelar-hidraderm-200-ml
41,PCOLAGUMICMAT200ML,Agua Micelar MATE Hidraderm 200 ml,SI,agua-micelar-mate-hidraderm-200-ml
43,PCOLAGUOXI_10_90ML,Agua Oxigenada vol 10 de 90 ml,SI,agua-oxigenada-vol-10-de-90-ml
45,PCOLAGUOXI_20_90ML,Agua Oxigenada vol 20 de 90 ml,SI,agua-oxigenada-vol-20-de-90-ml
49,PCOLAGUOXI_40_90ML,Agua Oxigenada vol 40 de 90 ml,SI,agua-oxigenada-vol-40-de-90-ml
53,PCOLBIBDUO__9OZMUJ,Biberon DUOPACK 9 oz Cuello Estándar 9 OZ (FUCSIA),SI,biberon-duopack-9-oz-cuello-estndar-9-oz-fucsia
94,PCOLCOLCARART300GR,Colágeno Carolina Articular 300 gr,SI,colgeno-carolina-articular-300-gr
95,PCOLCOLCARART_15SOB,Colágeno Carolina Articular x 15 sobres,SI,colgeno-carolina-articular-x-15-sobres
96,PCOLCOLCARBEL300GR,Colágeno Carolina Belleza 300 gr,SI,colgeno-carolina-belleza-300-gr
97,PCOLCOLCARBEL_15SOB,Colágeno Carolina Belleza x 15 sobres,SI,colgeno-carolina-belleza-x-15-sobres
98,PCOLCOLCARSPO360GR,Colágeno Carolina Sport 360 gr,SI,colgeno-carolina-sport-360-gr
101,PCOLCOTSEPBOL100UNI,Cotonetes Septona Bolsa 100 Unidades,SI,cotonetes-septona-bolsa-100-unidades
102,PCOLCOTSEPBOL200UNI+100,Cotonetes Septona Bolsa 200 Unidades + 100 gratis,SI,cotonetes-septona-bolsa-200-unidades--100-gratis
103,PCOLCOTSEPMAQ100UNI,Cotonetes Septona Maquillaje 100 Unidades,SI,cotonetes-septona-maquillaje-100-unidades
104,PCOLCOTSEPPOT100UNI,Cotonetes Septona Pote 100 Unidades,SI,cotonetes-septona-pote-100-unidades
105,PCOLCOTSEPPOT200UNI,Cotonetes Septona Pote 200 Unidades,SI,cotonetes-septona-pote-200-unidades
107,PCOLCOTSEPPOTKID100UNI,Cotonetes Septona Pote Kids 100 Unidades,SI,cotonetes-septona-pote-kids-100-unidades
108,PCOLDISALGSEPX100UNI,Discos de Algodón Septona 100 Pza,SI,discos-de-algodn-septona-100-pza
109,PCOLDISALGSEPX60+60UNI,Discos de Algodón Septona 60+60 Pza,SI,discos-de-algodn-septona-6060-pza
110,PCOLDISALGSEPX70UNI,Discos de Algodón Septona 70 Pza,SI,discos-de-algodn-septona-70-pza
111,PCOLDISALGXLSEPDOBX40UNI,Discos de Algodón Septona XL Doble Cara,SI,discos-de-algodn-septona-xl-doble-cara
112,PCOLENVMUEANA100MLX1,Envase para muestras de análisis 100 ml - TAPA ROJA,SI,envase-para-muestras-de-anlisis-100-ml---tapa-roja
201,PCOMB__COM100,Complejo B x 100 comprimidos,si,complejo-b-x-100-comprimidos
202,PCOT100240SUS100,Cotrimoxazol 200 mg. / 40 mg. / 5 ml. Suspension x 1 Fco. x 100 ml.,si,cotrimoxazol-200-mg--40-mg--5-ml-suspension-x-1-fco-x-100-ml
203,PCOT480COM100,Cotrimoxazol 400 mg. / 80 mg. x 100 comprimidos,si,cotrimoxazol-400-mg--80-mg-x-100-comprimidos
204,PCOT480SUS100,Cotrimoxazol Forte 400 mg. / 80 mg. / 5 ml. Suspension x 1 Fco. x 100 ml.,si,cotrimoxazol-forte-400-mg--80-mg--5-ml-suspension-x-1-fco-x-100-ml
205,PCOT960COM100,Cotrimoxazol Forte 800 mg. / 160 mg. x 100 comprimidos,si,cotrimoxazol-forte-800-mg--160-mg-x-100-comprimidos
208,PDEL100___SUS120,Deltagel NF Suspensión x 1 Fco. x 120 ml.,si,deltagel-nf-suspensin-x-1-fco-x-120-ml
209,PDELMS_SUS200,DELTAGEL MS (Magaldrato+Simeticona) 1080mg+200mg/10 mL Suspensión 200 ml,si,deltagel-ms-magaldratosimeticona-1080mg200mg10-ml-suspensin-200-ml
210,PDEX0.1SEM_10,Dexametasona 0.1% Crema Dérmica x 1 tubo x 10 grs.,si,dexametasona-01porciento-crema-drmica-x-1-tubo-x-10-grs
211,PDEX0.5COM100,Dexametasona 0.5 mg. x 100 comprimidos,si,dexametasona-05-mg-x-100-comprimidos
212,PDEX_10JAR100,Dextrometorfano 10 mg. / 5 ml. Jarabe x 1 Fco. x 100 ml.,si,dextrometorfano-10-mg--5-ml-jarabe-x-1-fco-x-100-ml
213,PDEX_15COM100,Dextrometorfano 15 mg. x 100 comprimidos,si,dextrometorfano-15-mg-x-100-comprimidos
214,PDEX___JAR100,Dextrofen Jarabe x 1 Fco. x 100 ml.,si,dextrofen-jarabe-x-1-fco-x-100-ml
215,PDIA_10COM_20,Diazepam 10 mg. x 20 comprimidos,si,diazepam-10-mg-x-20-comprimidos
216,PDIC100COM100,Diclofenaco 100 mg. x 100 comprimidos,si,diclofenaco-100-mg-x-100-comprimidos
217,PDIC12.5SUP_50,Diclofenaco 12.5 mg. x 50 supositorios,si,diclofenaco-125-mg-x-50-supositorios
218,PDIC500CAP_50,Dicloxacilina 500 mg. x 50 cápsulas,si,dicloxacilina-500-mg-x-50-cpsulas
220,PDIC_50COM100,Diclofenaco 50 mg. x 100 comprimidos,si,diclofenaco-50-mg-x-100-comprimidos
221,PDIC_75COM100,Diclofenaco 75 mg. x 100 comprimidos,si,diclofenaco-75-mg-x-100-comprimidos
222,PDIF__2SEM_15,Difenhidramina 2% Pomada x 1 tubo x 15 g.,si,difenhidramina-2porciento-pomada-x-1-tubo-x-15-g
223,PDOL000SOB_20,Dolomil - Paracetamol 1000 mg granulado x 20 sobres,si,dolomil---paracetamol-1000-mg-granulado-x-20-sobres
224,PENA_10COM200,Enalapril 10 mg. x 200 comprimidos,si,enalapril-10-mg-x-200-comprimidos
225,PERGCAFCOM_50,Ergotamina + Cafeína 1 mg. / 100 mg. x 50 comprimidos,si,ergotamina--cafena-1-mg--100-mg-x-50-comprimidos
226,PERI250SUS_100,Eritromicina 250 mg. / 5 ml. Suspension x 1 Fco. x 100 ml.,si,eritromicina-250-mg--5-ml-suspension-x-1-fco-x-100-ml
228,PERI500COM100,Eritromicina 500 mg. x 100 comprimidos,si,eritromicina-500-mg-x-100-comprimidos
230,PESPCOMCOM100,Espasmodol Compuesto x 100 comprimidos,si,espasmodol-compuesto-x-100-comprimidos
231,PESPCOMGOT_15,Espasmodol Compuesto Gotas x 15 ml.,si,espasmodol-compuesto-gotas-x-15-ml
232,PESPGOT_15,Espasmodol Gotas 0.1% x 15 ml.,si,espasmodol-gotas-01porciento-x-15-ml
233,PESP_10COM_50,Espasmodol 10 mg. x 50 comprimidos,si,espasmodol-10-mg-x-50-comprimidos
234,PFLUNF_GOT_30,Fludelta NF Gotas x 1 Fco. x 30 ml.,si,fludelta-nf-gotas-x-1-fco-x-30-ml
235,PFLUNF_SUS_100,Fludelta NF Suspension x 1 Fco. x 100 ml.,si,fludelta-nf-suspension-x-1-fco-x-100-ml
236,PFLU_20CAP_30,Fluoxetina 20 mg cápsulas x 30,si,fluoxetina-20-mg-cpsulas-x-30
237,PFLU___COM250,Fludelta NF x 250 comprimidos,si,fludelta-nf-x-250-comprimidos
239,PFMAX600GRA_20,FLUIDMAX Acetilcisteina 600 mg. polvo para solucion oral x 20 sobres,si,fluidmax-acetilcisteina-600-mg-polvo-para-solucion-oral-x-20-sobres
240,PGLI__5COM100,Glibenclamida 5 mg. x 100 comprimidos,si,glibenclamida-5-mg-x-100-comprimidos
241,PGRI500COM_50,Griseofulvina 500 mg. x 50 comprimidos,si,griseofulvina-500-mg-x-50-comprimidos
242,PGUA100JAR100,Guaydel Jarabe x 1 Fco. x 100 ml.,si,guaydel-jarabe-x-1-fco-x-100-ml
243,PHIBAGUHIP21GX100,Aguja Hipodérmica 21G Caja x 100 Unidades,si,aguja-hipodrmica-21g-caja-x-100-unidades
244,PHIBAGUHIP23GX100,Aguja Hipodérmica 23G Caja x 100 Unidades,si,aguja-hipodrmica-23g-caja-x-100-unidades
249,PHIBALG100G,Algodon de 100 g. en rollo,si,algodon-de-100-g-en-rollo
250,PHIBALG200G,Algodon de 200 g. en rollo,si,algodon-de-200-g-en-rollo
251,PHIBALG400G,Algodon de 400 g. en rollo,si,algodon-de-400-g-en-rollo
252,PHIBALG_10G,Algodon de 10 g. en bolsa,si,algodon-de-10-g-en-bolsa
253,PHIBALG_50G,Algodon de 50 g. en bolsa,si,algodon-de-50-g-en-bolsa
254,PHIBALMALG__1,Almohadillas de Algodón 58 mm Paq x 100 Unidades,si,almohadillas-de-algodn-58-mm-paq-x-100-unidades
255,PHIBAPOADHTRAX__1,Apósito Adhesivo Transparente x 1 Unidad,si,apsito-adhesivo-transparente-x-1-unidad
256,PHIBBANADHMICX100,Banda Adhesiva Microperforada x 100 Unidades,si,banda-adhesiva-microperforada-x-100-unidades
258,PHIBBOLCOLORIADU2000CCX__1,Bolsa Colectora de Orina Adultos 2000cc x 1 Unidad,si,bolsa-colectora-de-orina-adultos-2000cc-x-1-unidad
259,PHIBBOLCOLORIPED200CCX__1,Bolsa Colectora de Orina Pediatrico 200cc x 1 Unidad,si,bolsa-colectora-de-orina-pediatrico-200cc-x-1-unidad
260,PHIBBOLMORCOM__1,Bolsa Mortuoria Kit Completo 2.3m x 1m x 1 Unidad,si,bolsa-mortuoria-kit-completo-23m-x-1m-x-1-unidad
261,PHIBBOLMORSIM__1,Bolsa Mortuoria Kit Simple 2.3m x 1m x 1 Unidad,si,bolsa-mortuoria-kit-simple-23m-x-1m-x-1-unidad
262,PHIBBRA18GTIPLAPX__1,Bránula 18G Tipo Lápiz x 1 Unidad,si,brnula-18g-tipo-lpiz-x-1-unidad
263,PHIBBRA18GTIPMARX__1,Bránula 18G Tipo Mariposa x 1 Unidad,si,brnula-18g-tipo-mariposa-x-1-unidad
264,PHIBBRA20GTIPLAPX__1,Bránula 20G Tipo Lápiz x 1 Unidad,si,brnula-20g-tipo-lpiz-x-1-unidad
265,PHIBBRA20GTIPMARX__1,Bránula 20G Tipo Mariposa x 1 Unidad,si,brnula-20g-tipo-mariposa-x-1-unidad
266,PHIBBRA22GTIPLAPX__1,Bránula 22G Tipo Lápiz x 1 Unidad,si,brnula-22g-tipo-lpiz-x-1-unidad
267,PHIBBRA22GTIPMARX__1,Bránula 22G Tipo Mariposa x 1 Unidad,si,brnula-22g-tipo-mariposa-x-1-unidad
268,PHIBBRA24GTIPLAPX__1,Bránula 24G Tipo Lápiz x 1 Unidad,si,brnula-24g-tipo-lpiz-x-1-unidad
269,PHIBBRA24GTIPMARX__1,Bránula 24G Tipo Mariposa x 1 Unidad,si,brnula-24g-tipo-mariposa-x-1-unidad
270,PHIBCINADHDISPIE125X10X__1,Cinta Adhesiva Microdermik Con Dispensador Color Piel 1.25cm x 10yds x 1 Unidad,si,cinta-adhesiva-microdermik-con-dispensador-color-piel-125cm-x-10yds-x-1-unidad
271,PHIBCINADHDISPIE25X10X__1,Cinta Adhesiva Microdermik Con Dispensador Color Piel 2.5cm x 10yds x 1 Unidad,si,cinta-adhesiva-microdermik-con-dispensador-color-piel-25cm-x-10yds-x-1-unidad
272,PHIBCINADHDISPIE5X10X__1,Cinta Adhesiva Microdermik Con Dispensador Color Piel 5cm x 10yds x 1 Unidad,si,cinta-adhesiva-microdermik-con-dispensador-color-piel-5cm-x-10yds-x-1-unidad
273,PHIBCINADHDISTRA25X10__1,Cinta Adhesiva Polietileno Con Dispensador Transparente 2.5cm x 10yds Caja x 1 Unidad,si,cinta-adhesiva-polietileno-con-dispensador-transparente-25cm-x-10yds-caja-x-1-unidad
274,PHIBCINADHPIE125X10_24,Cinta Adhesiva Microdermik Color Piel 1.25cm x 10yds Caja x 24 Unidades,si,cinta-adhesiva-microdermik-color-piel-125cm-x-10yds-caja-x-24-unidades
275,PHIBCINADHPIE125X5_24,Cinta Adhesiva Microdermik Color Piel 1.25cm x 5yds Caja x 24 Unidades,si,cinta-adhesiva-microdermik-color-piel-125cm-x-5yds-caja-x-24-unidades
276,PHIBCINADHPIE25X10_12,Cinta Adhesiva Microdermik Color Piel 2.5cm x 10yds Caja x 12 Unidades,si,cinta-adhesiva-microdermik-color-piel-25cm-x-10yds-caja-x-12-unidades
277,PHIBCINADHPIE5X10__6,Cinta Adhesiva Microdermik Color Piel 5cm x 10yds Caja x 6 Unidades,si,cinta-adhesiva-microdermik-color-piel-5cm-x-10yds-caja-x-6-unidades
282,PHIBCINKINCEL5X5_1,Cinta Kinesiológica Celeste 5cm x 5cm Caja x 1 Unidad,si,cinta-kinesiolgica-celeste-5cm-x-5cm-caja-x-1-unidad
283,PHIBCINKINFUX5X5_1,Cinta Kinesiológica Fuxia/Rosa 5cm x 5cm Caja x 1 Unidad,si,cinta-kinesiolgica-fuxiarosa-5cm-x-5cm-caja-x-1-unidad
284,PHIBCINKINNEG5X5_1,Cinta Kinesiológica Negra 5cm x 5cm Caja x 1 Unidad,si,cinta-kinesiolgica-negra-5cm-x-5cm-caja-x-1-unidad
285,PHIBCINKINROJ5X5_1,Cinta Kinesiológica Roja 5cm x 5cm Caja x 1 Unidad,si,cinta-kinesiolgica-roja-5cm-x-5cm-caja-x-1-unidad
286,PHIBCINKINVER5X5_1,Cinta Kinesiológica Verde 5cm x 5cm Caja x 1 Unidad,si,cinta-kinesiolgica-verde-5cm-x-5cm-caja-x-1-unidad
287,PHIBCOPCOLHEC30CCx__1,Copa Colectora Muestras Heces 30cc x 1 Unidad,si,copa-colectora-muestras-heces-30cc-x-1-unidad
288,PHIBCOPCOLORI120CCx__1,Copa Colectora Muestras Orina 120cc x 1 Unidad,si,copa-colectora-muestras-orina-120cc-x-1-unidad
289,PHIBELEADU,Electrodo Adulto,si,electrodo-adulto
290,PHIBELEPED,Electrodo Pediátrico,si,electrodo-peditrico
291,PHIBEQUVEN150CCx__1,Equipo de Venóclisis 150cc x 1 Unidad,si,equipo-de-venclisis-150cc-x-1-unidad
293,PHIBEQUVENMIC150CCx__1,Equipo de Venóclisis con Microgotero 150cc x 1 Unidad,si,equipo-de-venclisis-con-microgotero-150cc-x-1-unidad
295,PHIBESPALGDIS10CX4.5__1,Esparadrapo 100% algodón Con Dispensador (oxido de zinc) 10 cm x 4.5mts x 1 Unidad,si,esparadrapo-100porciento-algodn-con-dispensador-oxido-de-zinc-10-cm-x-45mts-x-1-unidad
296,PHIBESPVAGDESMX__1,Espéculo Vaginal Desechable M x 1 Unidad,si,espculo-vaginal-desechable-m-x-1-unidad
297,PHIBGAS10x10,Compresa de Gasa NO TEJIDA 10 cm. x 10 cm. caja x 40 unid,si,compresa-de-gasa-no-tejida-10-cm-x-10-cm-caja-x-40-unid
298,PHIBGAS5x5,Compresa de Gasa NO TEJIDA 5 cm. x 5 cm. caja x 40 unid,si,compresa-de-gasa-no-tejida-5-cm-x-5-cm-caja-x-40-unid
299,PHIBGAS75x75,Compresa de Gasa NO TEJIDA 7.5 cm. x 7.5 cm. caja x 40 unid,si,compresa-de-gasa-no-tejida-75-cm-x-75-cm-caja-x-40-unid
300,PHIBGASQUI90CMX100YDSX__1,Gasa Quirúrgica 90cm x 100yds x 1 Unidad,si,gasa-quirrgica-90cm-x-100yds-x-1-unidad
301,PHIBGASQUI90CMX10YDSX__1,Gasa Quirúrgica 90cm x 10yds x 1 Unidad,si,gasa-quirrgica-90cm-x-10yds-x-1-unidad
302,PHIBGASQUI90CMX20YDSX__1,Gasa Quirúrgica 90cm x 20yds x 1 Unidad,si,gasa-quirrgica-90cm-x-20yds-x-1-unidad
303,PHIBGASQUI90CMX50YDSX__1,Gasa Quirúrgica 90cm x 50yds x 1 Unidad,si,gasa-quirrgica-90cm-x-50yds-x-1-unidad
304,PHIBGASTEJ10x10,Compresa de Gasa Tejida 10cm x 10cm Caja x 40 Unidades (No Esteril),si,compresa-de-gasa-tejida-10cm-x-10cm-caja-x-40-unidades-no-esteril
305,PHIBGASTEJ5x5,Compresa de Gasa Tejida 5cm x 5cm Caja x 40 Unidades (No Esteril),si,compresa-de-gasa-tejida-5cm-x-5cm-caja-x-40-unidades-no-esteril
306,PHIBGASTEJ7.5x7.5,Compresa de Gasa Tejida 7.5cm x 7.5cm Caja x 40 Unidades (No Esteril),si,compresa-de-gasa-tejida-75cm-x-75cm-caja-x-40-unidades-no-esteril
308,PHIBHOJBISSKA11X__1,Hoja de Bisturí Skalpell 11 x 1 Unidad,si,hoja-de-bistur-skalpell-11-x-1-unidad
309,PHIBHOJBISSKA15X__1,Hoja de Bisturí Skalpell 15 x 1 Unidad,si,hoja-de-bistur-skalpell-15-x-1-unidad
310,PHIBHOJBISSKA21X__1,Hoja de Bisturí Skalpell 21 x 1 Unidad,si,hoja-de-bistur-skalpell-21-x-1-unidad
311,PHIBJERDES10CC_100,Jeringa Descartable 10cc Caja x 100 Unidades,si,jeringa-descartable-10cc-caja-x-100-unidades
312,PHIBJERDES20CC_50,Jeringa Descartable 20cc Caja x 50 Unidades,si,jeringa-descartable-20cc-caja-x-50-unidades
313,PHIBJERDES3CC_100,Jeringa Descartable 3cc Caja x 100 Unidades,si,jeringa-descartable-3cc-caja-x-100-unidades
314,PHIBJERDES5CC_100,Jeringa Descartable 5cc Caja x 100 Unidades,si,jeringa-descartable-5cc-caja-x-100-unidades
315,PHIBJERDESINS1CC_100,Jeringa Descartable de Insulina 1cc Caja x 100 Unidades,si,jeringa-descartable-de-insulina-1cc-caja-x-100-unidades
316,PHIBPAROCUADU__1,Parche Ocular Estéril Adulto x 1 Unidad,si,parche-ocular-estril-adulto-x-1-unidad
317,PHIBPAROCUPED__1,Parche Ocular Estéril Pediátrico x 1 Unidad,si,parche-ocular-estril-peditrico-x-1-unidad
318,PHIBPINCORUMB__1,Pinza para Cordón Umbilical Blanco x 1 Unidad,si,pinza-para-cordn-umbilical-blanco-x-1-unidad
319,PHIBSONFOL_14,Sonda Foley 2 VIAS FR 14,si,sonda-foley-2-vias-fr-14
320,PHIBSONFOL_16,Sonda Foley 2 VIAS FR 16,si,sonda-foley-2-vias-fr-16
321,PHIBSONFOL_18,Sonda Foley 2 VIAS FR 18,si,sonda-foley-2-vias-fr-18
322,PHIBSONNAS_12,Sonda Nasogatrica FR 12,si,sonda-nasogatrica-fr-12
323,PHIBSONNAS_14,Sonda Nasogatrica FR 14,si,sonda-nasogatrica-fr-14
324,PHIBSONNAS_16,Sonda Nasogatrica FR 16,si,sonda-nasogatrica-fr-16
325,PHIBSONNAS_18,Sonda Nasogatrica FR 18,si,sonda-nasogatrica-fr-18
326,PHIBSONNAS__6,Sonda Nasogatrica FR 6,si,sonda-nasogatrica-fr-6
327,PHIBSONNAS__8,Sonda Nasogatrica FR 8,si,sonda-nasogatrica-fr-8
328,PHIBSUTCAG2-0,Sutura Cagut Crómico (2-0),si,sutura-cagut-crmico-2-0
329,PHIBSUTCAG3-0,Sutura Cagut Crómico (3-0),si,sutura-cagut-crmico-3-0
330,PHIBSUTCAG4-0,Sutura Cagut Crómico (4-0),si,sutura-cagut-crmico-4-0
331,PHIBSUTNYL2-0,Sutura Nylon (2-0),si,sutura-nylon-2-0
332,PHIBSUTNYL3-0,Sutura Nylon (3-0),si,sutura-nylon-3-0
333,PHIBSUTNYL4-0,Sutura Nylon (4-0),si,sutura-nylon-4-0
334,PHIBSUTSED2-0,Sutura Seda (2-0),si,sutura-seda-2-0
335,PHIBSUTSED3-0,Sutura Seda (3-0),si,sutura-seda-3-0
336,PHIBSUTSED4-0,Sutura Seda (4-0),si,sutura-seda-4-0
337,PHIBTACDENX20PAQ,Taco Dental x 20 paquetes (Rollo algodón dental 8mm x 38 mm),si,taco-dental-x-20-paquetes-rollo-algodn-dental-8mm-x-38-mm
338,PHIBTESEMBCAS__1,Test Embarazo Rápido HCG Cassette x 1 Unidad,si,test-embarazo-rpido-hcg-cassette-x-1-unidad
339,PHIBTESEMBLAP__1,Test Embarazo Rápido HCG Lápiz x 1 Unidad,si,test-embarazo-rpido-hcg-lpiz-x-1-unidad
345,PHIBVENCOH10x45__1AMA,Venda Cohesiva 10cm x 4.5 mts x 1 Unidad Amarillo,si,venda-cohesiva-10cm-x-45-mts-x-1-unidad-amarillo
346,PHIBVENCOH10x45__1AZU,Venda Cohesiva 10cm x 4.5 mts x 1 Unidad Azul,si,venda-cohesiva-10cm-x-45-mts-x-1-unidad-azul
347,PHIBVENCOH10x45__1BLA,Venda Cohesiva 10cm x 4.5 mts x 1 Unidad Blanco,si,venda-cohesiva-10cm-x-45-mts-x-1-unidad-blanco
348,PHIBVENCOH10x45__1CEL,Venda Cohesiva 10cm x 4.5 mts x 1 Unidad Celeste,si,venda-cohesiva-10cm-x-45-mts-x-1-unidad-celeste
349,PHIBVENCOH10x45__1LIL,Venda Cohesiva 10cm x 4.5 mts x 1 Unidad Lila,si,venda-cohesiva-10cm-x-45-mts-x-1-unidad-lila
350,PHIBVENCOH10x45__1MOR,Venda Cohesiva 10cm x 4.5 mts x 1 Unidad Morado,si,venda-cohesiva-10cm-x-45-mts-x-1-unidad-morado
351,PHIBVENCOH10x45__1NEG,Venda Cohesiva 10cm x 4.5 mts x 1 Unidad Negro,si,venda-cohesiva-10cm-x-45-mts-x-1-unidad-negro
352,PHIBVENCOH10x45__1PIE,Venda Cohesiva 10cm x 4.5 mts x 1 Unidad Piel,si,venda-cohesiva-10cm-x-45-mts-x-1-unidad-piel
353,PHIBVENCOH10x45__1ROJ,Venda Cohesiva 10cm x 4.5 mts x 1 Unidad Rojo,si,venda-cohesiva-10cm-x-45-mts-x-1-unidad-rojo
354,PHIBVENCOH10x45__1VER,Venda Cohesiva 10cm x 4.5 mts x 1 Unidad Verde,si,venda-cohesiva-10cm-x-45-mts-x-1-unidad-verde
355,PHIBVENCOH75X45__1AMA,Venda Cohesiva 7.5cm x 4.5 mts x 1 Unidad Amarillo,si,venda-cohesiva-75cm-x-45-mts-x-1-unidad-amarillo
356,PHIBVENCOH75X45__1AZU,Venda Cohesiva 7.5cm x 4.5 mts x 1 Unidad Azul,si,venda-cohesiva-75cm-x-45-mts-x-1-unidad-azul
357,PHIBVENCOH75X45__1BLA,Venda Cohesiva 7.5cm x 4.5 mts x 1 Unidad Blanco,si,venda-cohesiva-75cm-x-45-mts-x-1-unidad-blanco
358,PHIBVENCOH75X45__1CEL,Venda Cohesiva 7.5cm x 4.5 mts x 1 Unidad Celeste,si,venda-cohesiva-75cm-x-45-mts-x-1-unidad-celeste
359,PHIBVENCOH75X45__1LIL,Venda Cohesiva 7.5cm x 4.5 mts x 1 Unidad Lila / Fucsia,si,venda-cohesiva-75cm-x-45-mts-x-1-unidad-lila--fucsia
360,PHIBVENCOH75X45__1MOR,Venda Cohesiva 7.5cm x 4.5 mts x 1 Unidad Morado,si,venda-cohesiva-75cm-x-45-mts-x-1-unidad-morado
361,PHIBVENCOH75X45__1NEG,Venda Cohesiva 7.5cm x 4.5 mts x 1 Unidad Negro,si,venda-cohesiva-75cm-x-45-mts-x-1-unidad-negro
362,PHIBVENCOH75X45__1PIE,Venda Cohesiva 7.5cm x 4.5 mts x 1 Unidad Piel,si,venda-cohesiva-75cm-x-45-mts-x-1-unidad-piel
363,PHIBVENCOH75X45__1ROJ,Venda Cohesiva 7.5cm x 4.5 mts x 1 Unidad Rojo,si,venda-cohesiva-75cm-x-45-mts-x-1-unidad-rojo
364,PHIBVENCOH75X45__1VER,Venda Cohesiva 7.5cm x 4.5 mts x 1 Unidad Verde,si,venda-cohesiva-75cm-x-45-mts-x-1-unidad-verde
365,PHIBVENCOHS5x45__1AMA,Venda Cohesiva 5cm x 4.5 mts x 1 Unidad Amarillo,si,venda-cohesiva-5cm-x-45-mts-x-1-unidad-amarillo
366,PHIBVENCOHS5x45__1AZU,Venda Cohesiva 5cm x 4.5 mts x 1 Unidad Azul,si,venda-cohesiva-5cm-x-45-mts-x-1-unidad-azul
367,PHIBVENCOHS5x45__1CEL,Venda Cohesiva 5cm x 4.5 mts x 1 Unidad Celeste,si,venda-cohesiva-5cm-x-45-mts-x-1-unidad-celeste
369,PHIBVENCOHS5x45__1MOR,Venda Cohesiva 5cm x 4.5 mts x 1 Unidad Morado,si,venda-cohesiva-5cm-x-45-mts-x-1-unidad-morado
370,PHIBVENCOHS5x45__1NEG,Venda Cohesiva 5cm x 4.5 mts x 1 Unidad Neg,si,venda-cohesiva-5cm-x-45-mts-x-1-unidad-neg
371,PHIBVENCOHS5x45__1PIE,Venda Cohesiva 5cm x 4.5 mts x 1 Unidad Piel,si,venda-cohesiva-5cm-x-45-mts-x-1-unidad-piel
372,PHIBVENCOHS5x45__1ROJ,Venda Cohesiva 5cm x 4.5 mts x 1 Unidad Rojo,si,venda-cohesiva-5cm-x-45-mts-x-1-unidad-rojo
373,PHIBVENCOHS5x45__1VER,Venda Cohesiva 5cm x 4.5 mts x 1 Unidad Verde,si,venda-cohesiva-5cm-x-45-mts-x-1-unidad-verde
375,PHIBVENELA10X4.5__1,Venda Elástica 10cm x 4.5m Bolsa x 1 Unidad,si,venda-elstica-10cm-x-45m-bolsa-x-1-unidad
377,PHIBVENELA15X4.5__1,Venda Elástica 15cm x 4.5m Bolsa x 1 Unidad,si,venda-elstica-15cm-x-45m-bolsa-x-1-unidad
379,PHIBVENELA5X4.5__1,Venda Elástica 5cm x 4.5m Bolsa x 1 Unidad,si,venda-elstica-5cm-x-45m-bolsa-x-1-unidad
381,PHIBVENELA7.5X4.5__1,Venda Elástica 7.5cm x 4.5m Bolsa x 1 Unidad,si,venda-elstica-75cm-x-45m-bolsa-x-1-unidad
382,PHIBVENGAS10x45__1,Venda de Gasa 10cm x 4.5mts x 1 Unidad (4H),si,venda-de-gasa-10cm-x-45mts-x-1-unidad-4h
383,PHIBVENGAS15X45__1,Venda de Gasa 15cm x 4.5mts x 1 Unidad (4H),si,venda-de-gasa-15cm-x-45mts-x-1-unidad-4h
384,PHIBVENGAS20X45__1,Venda de Gasa 20cm x 4.5mts x 1 Unidad (4H),si,venda-de-gasa-20cm-x-45mts-x-1-unidad-4h
385,PHIBVENGAS5x45__1,Venda de Gasa 5cm x 4.5mts x 1 Unidad (4H),si,venda-de-gasa-5cm-x-45mts-x-1-unidad-4h
386,PHIBVENGAS75X45__1,Venda de Gasa 7.5cm x 4.5mts x 1 Unidad (4H),si,venda-de-gasa-75cm-x-45mts-x-1-unidad-4h
387,PHID__1SEM_10,Hidrocortisona 1% Crema x 1 tubo x 10 g.,si,hidrocortisona-1porciento-crema-x-1-tubo-x-10-g
388,PIBU100SUS100,Ibuprofeno 100 mg. / 5 ml. Suspension x 1 Fco. x 100 ml.,si,ibuprofeno-100-mg--5-ml-suspension-x-1-fco-x-100-ml
389,PIBU200SUS100,Ibuprofeno 200 mg. / 5 ml. Suspension x 1 Fco. x 100 ml.,si,ibuprofeno-200-mg--5-ml-suspension-x-1-fco-x-100-ml
390,PIBU400COM100,Ibuprofeno 400 mg. x 100 comprimidos,si,ibuprofeno-400-mg-x-100-comprimidos
391,PIBU600COM100,Ibuprofeno 600 mg. x 100 comprimidos (A),si,ibuprofeno-600-mg-x-100-comprimidos-a
393,PIBU800COM_50,Ibuprofeno 800 mg. x 50 comprimidos,si,ibuprofeno-800-mg-x-50-comprimidos
394,PIMPATO_10COM_30,Atorvastatina 10 mg comprimidos x 30,si,atorvastatina-10-mg-comprimidos-x-30
395,PIMPATO_20COM_30,Atorvastatina 20 mg comprimidos x 30,si,atorvastatina-20-mg-comprimidos-x-30
396,PIMPCEF500CAP_20,CEFAMAX (Cefalexina 500 mg) cápsulas x 20,si,cefamax-cefalexina-500-mg-cpsulas-x-20
398,PIMPCLEFACCAP_30,CLEAR FACE Isotretinoina 20 mg x 30 Cápsulas blandas,si,clear-face-isotretinoina-20-mg-x-30-cpsulas-blandas
399,PIMPCLO.05SEM_25,Clobetazol 0.05% Crema tubo x 25 g.,si,clobetazol-005porciento-crema-tubo-x-25-g
401,PIMPDOX100CAP_50,Doxiciclina 100 mg cápsulas x 50,si,doxiciclina-100-mg-cpsulas-x-50
402,PIMPEPR_40COM_30,E-PRA Esomeprazol 40 mg. x 30 comprimidos,si,e-pra-esomeprazol-40-mg-x-30-comprimidos
403,PIMPFLE200CAP_20,FLEXCO Celecoxib 200 mg cápsulas x 20,si,flexco-celecoxib-200-mg-cpsulas-x-20
405,PIMPGLIMEFCOM_30,GLIMEFORM (Glimepirida 2 mg + Metformina 1000 mg) comprimidos x 30,si,glimeform-glimepirida-2-mg--metformina-1000-mg-comprimidos-x-30
406,PIMPGLIMEFDUOCOM_30,GLIMEFORM DUO (Glimepirida 4 mg + Metformina 1000 mg) comprimidos x 30,si,glimeform-duo-glimepirida-4-mg--metformina-1000-mg-comprimidos-x-30
407,PIMPGLUCOM_30,GLUCOMED GLibenclamida 5 mg + Metformina 500 mg x 30 Comprimidos,si,glucomed-glibenclamida-5-mg--metformina-500-mg-x-30-comprimidos
408,PIMPLHI62.5COM_30,Losartan 50 mg + Hidroclorotiazida 12.5 mg comprimidos x 30,si,losartan-50-mg--hidroclorotiazida-125-mg-comprimidos-x-30
411,PIMPNEO400CAP__6,NEOXIM (Cefixima 400 mg) cápsulas x 6,si,neoxim-cefixima-400-mg-cpsulas-x-6
412,PIMPNEU300CAP_30,NEUROGAB Gabapentina 300 mg x 30 cápsulas,si,neurogab-gabapentina-300-mg-x-30-cpsulas
413,PIMPNEXCLACOM_14,NEXCLAV Amoxicilina 875 mg + Ácido Clavulánico 125 mg x 14 Comprimidos Recubiertos,si,nexclav-amoxicilina-875-mg--cido-clavulnico-125-mg-x-14-comprimidos-recubiertos
414,PIMPPPR_40COM_30,P-PRA Pantoprazol 40 mg. x 30 comprimidos,si,p-pra-pantoprazol-40-mg-x-30-comprimidos
415,PIMPPREGAL_75_10,PREGALIA Pregabalina 75 mg cápsulas x 10,si,pregalia-pregabalina-75-mg-cpsulas-x-10
416,PIMPQUA___SEM_20,QUADERM Betametazona+Gentamicina+Tolnaftato+Clioquinol Crema tubo x 15 g.,si,quaderm-betametazonagentamicinatolnaftatoclioquinol-crema-tubo-x-15-g
417,PIMPTAD_20COM__4,Tadalafilo 20 mg x 4 comprimidos,si,tadalafilo-20-mg-x-4-comprimidos
418,PIMPTAMCAP_30,TAMDU Tamsulosina 0.4 mg + Dutasterida 0.5 mg x 30 Cápsulas,si,tamdu-tamsulosina-04-mg--dutasterida-05-mg-x-30-cpsulas
420,PIND100SUP100,Indometacina 100 mg. x 100 supositorios,si,indometacina-100-mg-x-100-supositorios
421,PIND_25CAP500,Indometacina 25 mg. x 500 cápsulas,si,indometacina-25-mg-x-500-cpsulas
422,PKET200COM100,Ketoconazol 200 mg. x 100 comprimidos,si,ketoconazol-200-mg-x-100-comprimidos
423,PKET_20COM_50,Ketorolaco 20 mg. x 50 comprimidos,si,ketorolaco-20-mg-x-50-comprimidos
424,PKET__2SEM_15,Ketoconazol 2 % Pomada x 1 tubo x 15 g.,si,ketoconazol-2-porciento-pomada-x-1-tubo-x-15-g
425,PLEV500COM_10,Levofloxacina 500 mg. x 10 comprimidos,si,levofloxacina-500-mg-x-10-comprimidos
426,PLEV__5COM_20,LEVODEL Levocetirizina 5 mg. x 20 comprimidos,si,levodel-levocetirizina-5-mg-x-20-comprimidos
517,PLOR_10COM100,Loratadina 10 mg. x 100 comprimidos,si,loratadina-10-mg-x-100-comprimidos
518,PLOS_50COM100,Losartan 50 mg. x 100 comprimidos,si,losartan-50-mg-x-100-comprimidos
519,PMAN___BAR_50,Mantequilla de Cacao x 50 barras,si,mantequilla-de-cacao-x-50-barras
520,PMAVARMDIA_20COM,ARMONYL DIA x 20 Comp,si,armonyl-dia-x-20-comp
521,PMAVARMNOC_20COM,ARMONYL NOCHE x 20 Comp,si,armonyl-noche-x-20-comp
522,PMAVBIO250_10SOB,BIOFLORA POLVO 250 x 10 Sobres,si,bioflora-polvo-250-x-10-sobres
523,PMAVDOL_45GEL,DOLORUB GEL x 45g,si,dolorub-gel-x-45g
524,PMAVFIB_18SOB,FIBRASOL NARANJA x 18 Sobres,si,fibrasol-naranja-x-18-sobres
525,PMAVLEBANTF50190,LEBLON ANTIOX AE FPS50 190g (ROJO),si,leblon-antiox-ae-fps50-190g-rojo
526,PMAVLEBANTF50_50,LEBLON ANTIOX AE FPS50 50g (ROJO),si,leblon-antiox-ae-fps50-50g-rojo
527,PMAVLEBANTF50_90,LEBLON ANTIOX AE FPS50 90g (ROJO),si,leblon-antiox-ae-fps50-90g-rojo
528,PMAVLEBBABF50190,LEBLON BABY & KIDS AE FPS50 190g (AMARILLO),si,leblon-baby--kids-ae-fps50-190g-amarillo
529,PMAVLEBBABF50_50,LEBLON BABY & KIDS AE FPS50 50g (AMARILLO),si,leblon-baby--kids-ae-fps50-50g-amarillo
530,PMAVLEBBABF50_90,LEBLON BABY & KIDS AE FPS50 90g (AMARILLO),si,leblon-baby--kids-ae-fps50-90g-amarillo
531,PMAVLEBBROACEF15220,LEBLON BRONZER ACEITE SPF 15 220 ml,si,leblon-bronzer-aceite-spf-15-220-ml
532,PMAVLEBBROACE_F6220,LEBLON BRONZER ACEITE FPS6 220ml,si,leblon-bronzer-aceite-fps6-220ml
533,PMAVLEBBROAUT_90,LEBLON BRONZER AUTOBRONCEANTE 90g,si,leblon-bronzer-autobronceante-90g
534,PMAVLEBBROFACF50_50,LEBLON FACIAL FPS50 X 50G,si,leblon-facial-fps50-x-50g
535,PMAVLEBEXTF50190,LEBLON SPORT EXTREM AE FPS 50 (190g) (VERDE),si,leblon-sport-extrem-ae-fps-50-190g-verde
536,PMAVLEBEXTF50_50,LEBLON SPORT EXTREME AE FPS 50 (50g) (VERDE),si,leblon-sport-extreme-ae-fps-50-50g-verde
537,PMAVLEBEXTF50_90,LEBLON SPORT EXTREM AE FPS 50 (90g) (VERDE),si,leblon-sport-extrem-ae-fps-50-90g-verde
538,PMAVLEBKIDF50190,LEBLON KIDS SPF50 BUBBLE X 190G (LILA),si,leblon-kids-spf50-bubble-x-190g-lila
539,PMAVLEBUNGLAB__8,LEBLON UNGUENTO LABIAL MEDICADO EXPO 8G,si,leblon-unguento-labial-medicado-expo-8g
540,PMAVLECCLA150,LECHUGA CLASICA 150ml,si,lechuga-clasica-150ml
541,PMAVLECCLA_60,LECHUGA CLASICA 60ml,si,lechuga-clasica-60ml
542,PMAVLECCRE150,LECHUGA CREME 150ml,si,lechuga-creme-150ml
543,PMAVLECDES_50,LECHUGA DESMAQUILLANTE PETALOS 50 Unidades,si,lechuga-desmaquillante-petalos-50-unidades
544,PMAVLECMANAGE,LECHUGA MANOS ANTI EDAD 75 g,si,lechuga-manos-anti-edad-75-g
545,PMAVLECMANARG,LECHUGA MANOS ARGAN 50ML,si,lechuga-manos-argan-50ml
546,PMAVLECMANCAS,LECHUGA MANOS CASTANA 50ML,si,lechuga-manos-castana-50ml
547,PMAVLECMANINT,LECHUGA MANOS INTENSIVA 75 g,si,lechuga-manos-intensiva-75-g
548,PMAVLECMANMAN,LECHUGA MANOS ANTI MANCHAS 75 g,si,lechuga-manos-anti-manchas-75-g
549,PMAVLECSOF110,LECHUGA SOFT 110ml,si,lechuga-soft-110ml
550,PMAVLECSOF_55,LECHUGA SOFT 55ml,si,lechuga-soft-55ml
551,PMAVNEN_20,NENEGLOSS ADVANCED 25% OZ 20g,si,nenegloss-advanced-25porciento-oz-20g
552,PMAVNEN_60,NENEGLOSS ADVANCED 25% OZ 60g,si,nenegloss-advanced-25porciento-oz-60g
553,PMAVORACOL120,"ORALGENE COLUT 0,12% FCO 120ml",si,oralgene-colut-012porciento-fco-120ml
554,PMAVORACOL500,ORALGENE 0.12% x 500ml,si,oralgene-012porciento-x-500ml
555,PMAVORAFREKID250,ORALFRESH KIDS 250ML,si,oralfresh-kids-250ml
556,PMAVORAFREKID500,ORALFRESH KIDS 500ML,si,oralfresh-kids-500ml
557,PMAVORAMENFRE250,ORALFRESH MENTA FRESCA 250ML,si,oralfresh-menta-fresca-250ml
558,PMAVORAMENFRE500,ORALFRESH MENTA FRESCA 500ML,si,oralfresh-menta-fresca-500ml
559,PMAVORAMENFUE250,ORALFRESH MENTA FUERTE 250ML,si,oralfresh-menta-fuerte-250ml
560,PMAVORAMENFUE500,ORALFRESH MENTA FUERTE 500ML,si,oralfresh-menta-fuerte-500ml
561,PMAVPRO000SPR,"PROLONG 1000 SPRAY TÓPICO 11,5%",si,prolong-1000-spray-tpico-115porciento
562,PMAVPROCRE_30,PROCTOSAN CREMA POMO X30 GR,si,proctosan-crema-pomo-x30-gr
563,PMAVTAP000_20COM,TAPSIN 1 g. x 20 Comp,si,tapsin-1-g-x-20-comp
564,PMAVTAPDIA_60SOB,TAPSIN POLVO DIA x 60 Sobres,si,tapsin-polvo-dia-x-60-sobres
565,PMAVTAPEFE_20SOB,TAPSIN EFERVENCENTE 1 g. x 20 Sobres,si,tapsin-efervencente-1-g-x-20-sobres
566,PMAVTAPFOR_20COM,TAPSIN FORTE x 20 Comp (Paracetamol + Cafeína),si,tapsin-forte-x-20-comp-paracetamol--cafena
567,PMAVTAPGTS100_15,TAPSIN GOTAS 100 mg FCO 15 ml,si,tapsin-gotas-100-mg-fco-15-ml
568,PMAVTAPINSD-N_18COM,TAPSIN INSTAFLU D/N 12+6 CP EXPORT,si,tapsin-instaflu-dn-126-cp-export
569,PMAVTAPMAS_16COM,TAPSIN CM MASTIC 160 mg x 16 Comp Masticable,si,tapsin-cm-mastic-160-mg-x-16-comp-masticable
570,PMAVTAPMIG_10COM,TAPSIN MIGRAÑA x 10 Comp (Paracetamol + Cafeína + Dihidroergotamina Mesilato),si,tapsin-migraa-x-10-comp-paracetamol--cafena--dihidroergotamina-mesilato
571,PMAVTAPNOC_60SOB,TAPSIN POLVO NOCHE x 60 Sobres,si,tapsin-polvo-noche-x-60-sobres
572,PMAVTAPPER_12COM,TAPSIN PERIODO x 12 Comp (Paracetamol + Pamabrón + Pirilamina maleato),si,tapsin-periodo-x-12-comp-paracetamol--pamabrn--pirilamina-maleato
573,PMAVTAPPID_60SOB,TAPSIN LIMON Y MIEL DÍA x 60 Sobres,si,tapsin-limon-y-miel-da-x-60-sobres
574,PMAVTAPPIN_60SOB,TAPSIN LIMON Y MIEL NOCHE x 60 Sobres,si,tapsin-limon-y-miel-noche-x-60-sobres
575,PMAVTAPPUR_16COM,TAPSIN PURO PARACETAMOL 500 mg x 16 Comp,si,tapsin-puro-paracetamol-500-mg-x-16-comp
576,PMAVVIS_15,VISIONAL OFTALMICO 15 ML,si,visional-oftalmico-15-ml
577,PMEB100COM150,Mebendazol 100 mg. x 150 comprimidos,si,mebendazol-100-mg-x-150-comprimidos
579,PMEB100SUS_30,Mebendazol 100 mg. / 5 ml. Suspension x 1 Fco. x 30 ml.,si,mebendazol-100-mg--5-ml-suspension-x-1-fco-x-30-ml
580,PMEDAPECALJBE200,Apetical Plus Jarabe Frasco 200 ml (CALCIO ZINC VIT D3),si,apetical-plus-jarabe-frasco-200-ml-calcio-zinc-vit-d3
581,PMEDAPEGOT_20,Apetitol Gotas Frasco 20 ml (Multivitamínico),si,apetitol-gotas-frasco-20-ml-multivitamnico
582,PMEDAPEINFJBE120,Apetitol Infantil Jarabe Frasco 120 ml (Multivitaminico con Minerales),si,apetitol-infantil-jarabe-frasco-120-ml-multivitaminico-con-minerales
583,PMEDAPEINFJBE240,Apetitol Infantil Jarabe Frasco 240 ml (Multivitaminico con Minerales),si,apetitol-infantil-jarabe-frasco-240-ml-multivitaminico-con-minerales
584,PMEDAPEJALTUB100,Apetitol Jalea Naranja Tubo 100 gr (Multivitamínico 8 vitamina),si,apetitol-jalea-naranja-tubo-100-gr-multivitamnico-8-vitamina
585,PMEDAPEPLUJAR120,Apetitol Plus Jarabe Frasco 120 ml (Multivitaminico con Zinc y Lisina),si,apetitol-plus-jarabe-frasco-120-ml-multivitaminico-con-zinc-y-lisina
586,PMEDAPEPLUJAR240,Apetitol Plus Jarabe Frasco 240 ml (Multivitaminico con Zinc y Lisina),si,apetitol-plus-jarabe-frasco-240-ml-multivitaminico-con-zinc-y-lisina
587,PMEDAPEZINJALTUB100,Apetitol Jalea Zinc Naranja Tubo 100 gr (Multivitamiíno 8 vitaminas + Zinc),si,apetitol-jalea-zinc-naranja-tubo-100-gr-multivitamino-8-vitaminas--zinc
588,PMEDASC400COM_20,Ascarol x 20 comprimidos recubiertos (Albendazol 400 mg),si,ascarol-x-20-comprimidos-recubiertos-albendazol-400-mg
589,PMEDATOADUJBE120,Atosyl Adulto Jarabe Frasco 120ml,si,atosyl-adulto-jarabe-frasco-120ml
590,PMEDATOPEDJBE_60,Atosyl Pediatrico Jarabe Frasco 60 ml,si,atosyl-pediatrico-jarabe-frasco-60-ml
591,PMEDBUCENJBUC240,Bucosept Solución Enjuague Bucal Frasco 240 ml (Cetylpyridinium Chloride),si,bucosept-solucin-enjuague-bucal-frasco-240-ml-cetylpyridinium-chloride
592,PMEDCEF250SUS_750,Cefulam 250 mg Suspensión Frasco 75 ml,si,cefulam-250-mg-suspensin-frasco-75-ml
593,PMEDCEF500COM_30,Cefulam 500 mg x 10 Comprimidos,si,cefulam-500-mg-x-10-comprimidos
594,PMEDCOMBJBE120,Complejo B Lamosan Jarabe Frasco 120 ml,si,complejo-b-lamosan-jarabe-frasco-120-ml
595,PMEDCOXSOB_20,Coxifast x 20 Sobres (Celecoxib 200mg),si,coxifast-x-20-sobres-celecoxib-200mg
596,PMEDDENBBTUB_30,Denture BB Tubo 30 gr (Gel limpieza dental con Xylitol 10% / Sabor Tutti Frutti),si,denture-bb-tubo-30-gr-gel-limpieza-dental-con-xylitol-10porciento--sabor-tutti-frutti
597,PMEDDENKIDENJ240,Denture Kids Enjuague Bucal x 240 ml,si,denture-kids-enjuague-bucal-x-240-ml
598,PMEDDENKIDTUB_30,Denture Kids 50 gr (Gel limpieza dental con Xylitol 10% Fluoruro / Sabor Chicle),si,denture-kids-50-gr-gel-limpieza-dental-con-xylitol-10porciento-fluoruro--sabor-chicle
599,PMEDDERTUB_15,Dermoforte Tubo 15 gr,si,dermoforte-tubo-15-gr
600,PMEDFERBFOLCOM_30,"Ferro B Complex Folic x 30 tabletas recubiertas (Suplemento de Hierro, Complejo B y Ácido Fólico)",si,ferro-b-complex-folic-x-30-tabletas-recubiertas-suplemento-de-hierro-complejo-b-y-cido-flico
601,PMEDFERBJBE240,Ferro B Complex Jarabe Frasco 240 ml (Suplemento de Hierro y Complejo B),si,ferro-b-complex-jarabe-frasco-240-ml-suplemento-de-hierro-y-complejo-b
602,PMEDGASGELSUS200,Gastrogel Suspensión Frasco 200 ml (Malgaldrato 800 mg Simeticona 60 mg/10ml),si,gastrogel-suspensin-frasco-200-ml-malgaldrato-800-mg-simeticona-60-mg10ml
603,PMEDGASGELTABMAS_20,Gastrogel x 20 Tabletas Masticables Sabor Menta/VAinilla,si,gastrogel-x-20-tabletas-masticables-sabor-mentavainilla
605,PMEDGYNCREVAGTUB_40,Gynecotin Crema Vagina 7 Aplicadores Vaginales (Metronidazol 15% Miconazol Nitrato 4%),si,gynecotin-crema-vagina-7-aplicadores-vaginales-metronidazol-15porciento-miconazol-nitrato-4porciento
606,PMEDGYNFRA100,Ginecosan Polvo para Preparar Frasco 100 gr,si,ginecosan-polvo-para-preparar-frasco-100-gr
607,PMEDHONTUB_40,Hongosan Tubo 40 gr (Miconazol 2%),si,hongosan-tubo-40-gr-miconazol-2porciento
608,PMEDIBUSOB_20,Ibuceler x 20 Sobres (Iburpofeno 600 mg),si,ibuceler-x-20-sobres-iburpofeno-600-mg
609,PMEDJABAVE,Jabon de Avena,si,jabon-de-avena
610,PMEDJABAZUSAL,Jabon de Azufre Duo con Acido Salicilico,si,jabon-de-azufre-duo-con-acido-salicilico
611,PMEDJABBIC,Jabon de Bicarbonato de Sodio,si,jabon-de-bicarbonato-de-sodio
612,PMEDJABCAR,Jabon de Carbon Activado con Calendula y Matico,si,jabon-de-carbon-activado-con-calendula-y-matico
613,PMEDJABGLI,Jabon de Glicerina,si,jabon-de-glicerina
614,PMEDJABGLIMAN,Jabon de Glicerina con Manzanilla,si,jabon-de-glicerina-con-manzanilla
615,PMEDJABGLIMIE,Jabon de Glicerina con Miel,si,jabon-de-glicerina-con-miel
616,PMEDJABGLISAB,Jabon de Glicerina con Sabila,si,jabon-de-glicerina-con-sabila
617,PMEDJABHIE,Jabon Hiel de Vaca,si,jabon-hiel-de-vaca
618,PMEDJABLEC,Jabon Leche de Cabra,si,jabon-leche-de-cabra
619,PMEDJABMAN,Jabon de Manzanilla,si,jabon-de-manzanilla
620,PMEDJABMARSAU,Jabon Marco y Sauco,si,jabon-marco-y-sauco
621,PMEDJABMAT,Jabon Matico,si,jabon-matico
622,PMEDJABMIE,Jabon de Miel,si,jabon-de-miel
623,PMEDJABRUDROM,Jabon Ruda y Romero,si,jabon-ruda-y-romero
625,PMEDJABSUL,Jabon Sulfuroso,si,jabon-sulfuroso
626,PMEDLACSOB_10,Lactoregen x 10 Sobres (Prebiótico),si,lactoregen-x-10-sobres-prebitico
627,PMEDLAMCRETUB_15,Lamoderm Crema Tubo 15 gr (Prednisolona Acetato 0.005 Y Neomicina 0.005),si,lamoderm-crema-tubo-15-gr-prednisolona-acetato-0005-y-neomicina-0005
628,PMEDLAMNASCRETUB__5,Lamoderm Nasal Crema Tubo 5 gr (Prednisolona acetato 0.3 -neomicina sulfato 0.4 -benzocaina 1),si,lamoderm-nasal-crema-tubo-5-gr-prednisolona-acetato-03--neomicina-sulfato-04--benzocaina-1
629,PMEDNEOMUCFORJBE120,Neo Mucol Forte Jarabe Frasco 120 ml (Ambroxol 30mg/5ml),si,neo-mucol-forte-jarabe-frasco-120-ml-ambroxol-30mg5ml
630,PMEDNEOMUCINFGOT_20,Neo Mucol Infantil Gotas Frasco 20 ml (Ambroxol 7.5mg/ml),si,neo-mucol-infantil-gotas-frasco-20-ml-ambroxol-75mgml
631,PMEDNEOMUCPEDJBE120,Neo Mucol Pedriatico Jarabe Frasco 120 ml (Ambroxol 15mg/5ml,si,neo-mucol-pedriatico-jarabe-frasco-120-ml-ambroxol-15mg5ml
632,PMEDODO550COM_20,Odontogesic 550 mg x 20 comprimidos (Naproxeno 550 mg),si,odontogesic-550-mg-x-20-comprimidos-naproxeno-550-mg
633,PMEDORTENJBUCFCO240,"Ortodent Brakets Enjuague Bucal Frasco 300 ml (Extrato de manzanilla, Xylitol 6%, Flúor)",si,ortodent-brakets-enjuague-bucal-frasco-300-ml-extrato-de-manzanilla-xylitol-6porciento-flor
635,PMEDSUENASSOL_60,Suero Fisiológico (Humectante Nasal) Frasco 60 ml,si,suero-fisiolgico-humectante-nasal-frasco-60-ml
636,PMEDSUNCOLTUB_60,Sun Screen Antisol Protector Solar COLOR FPS 50 Tubo 60 gr (Cafe),si,sun-screen-antisol-protector-solar-color-fps-50-tubo-60-gr-cafe
637,PMEDSUNKIDTUB_60,Sun Screen Antisol Kids Protector Solar FPS 40 Tubo 60gr,si,sun-screen-antisol-kids-protector-solar-fps-40-tubo-60gr
638,PMEDSUNTUB_60,Sun Screen Antisol Protector Solar FPS 50 Tubo 60 gr (Blanco),si,sun-screen-antisol-protector-solar-fps-50-tubo-60-gr-blanco
639,PMEDTOPBUCINFGOT_10,Topic Bucal Infantil Gotas x 10 ml (Benzocaina 2gr-sulfato de aluminio 0.3gr-timol 0.2gr),si,topic-bucal-infantil-gotas-x-10-ml-benzocaina-2gr-sulfato-de-aluminio-03gr-timol-02gr
640,PMEDTOPINFPLUSSOL_10,Topident Infantil Plus Solución Tópica x 10 ml,si,topident-infantil-plus-solucin-tpica-x-10-ml
641,PMEDTOPSOLTOPBUC_10,Topident Solución Tópica Bucal x 10 ml,si,topident-solucin-tpica-bucal-x-10-ml
642,PMEDZINUNGTUB_30,Zinox Ungüento antiescaldante antiséptico Tubo x 30 gr. (Oxido de Zinc 20%),si,zinox-ungento-antiescaldante-antisptico-tubo-x-30-gr-oxido-de-zinc-20porciento
643,PMEL7.5COM_30,Meloxicam 7.5mg x 30 comprimidos,si,meloxicam-75mg-x-30-comprimidos
644,PMEL_15COM_30,Meloxicam 15 mg x 30 comprimidos,si,meloxicam-15-mg-x-30-comprimidos
645,PMET100250SUS100,Metronidazol 250 mg./ 5ml. Suspension x 1 Fco. x 100 ml.,si,metronidazol-250-mg-5ml-suspension-x-1-fco-x-100-ml
647,PMET500COM_50,Metronidazol 500 mg. x 100 comprimidos,si,metronidazol-500-mg-x-100-comprimidos
648,PMET850COM100,Metformina 850 mg. x 100 comprimidos,si,metformina-850-mg-x-100-comprimidos
649,PMET_10COM100,Metoclopramida 10 mg. x 100 comprimidos,si,metoclopramida-10-mg-x-100-comprimidos
650,PMET__5GOT_30,Metoclopramida 5 mg. / 1 ml. Gotas x 1 Fco. x 30 ml.,si,metoclopramida-5-mg--1-ml-gotas-x-1-fco-x-30-ml
651,PMIC500COM_20,MICINABIOTIC Claritromicina 500 mg x 20 comprimidos recubiertos,si,micinabiotic-claritromicina-500-mg-x-20-comprimidos-recubiertos
652,PMIG125COM_20,Migradol 125 mg. / 1 mg. x 20 comprimidos,si,migradol-125-mg--1-mg-x-20-comprimidos
653,PMTI500COM_50,Metildopa 500 mg. x 50 comprimidos,si,metildopa-500-mg-x-50-comprimidos
654,PNIS100SEM_10,"Nistatina 100,000 UI Crema x 1 tubo x 10 g.",si,nistatina-100000-ui-crema-x-1-tubo-x-10-g
656,PNIS500COM_50,"Nistatina 500,000 UI x 50 comprimidos",si,nistatina-500000-ui-x-50-comprimidos
657,PNIS500GOT_30,"Nistatina 100,000 UI / ml. Gotas x 1 Fco. x 30 ml.",si,nistatina-100000-ui--ml-gotas-x-1-fco-x-30-ml
658,PNIS500SUS_60,"Nistatina 500,000 UI / 5 ml. Suspension 1 Fco. x 60 ml.",si,nistatina-500000-ui--5-ml-suspension-1-fco-x-60-ml
659,PNOR400COM_50,Norfloxacina 400 mg. x 50 comprimidos,si,norfloxacina-400-mg-x-50-comprimidos
660,POME_20CAP_50,Omeprazol 20 mg. x 50 cápsulas,si,omeprazol-20-mg-x-50-cpsulas
661,POME_40CAP_50,Omeprazol 40 mg. x 20 capsulas,si,omeprazol-40-mg-x-20-capsulas
662,PPAR000COM_20,Paracetamol 1000 mg. x 20 comprimidos,si,paracetamol-1000-mg-x-20-comprimidos
663,PPAR100GOT_15,Paracetamol 100 mg./ml. Gotas x 1 Fco. x 15 ml.,si,paracetamol-100-mgml-gotas-x-1-fco-x-15-ml
664,PPAR125JAR100,Paracetamol 125 mg. / 5 ml. Jarabe x 1 Fco. x 100 ml.,si,paracetamol-125-mg--5-ml-jarabe-x-1-fco-x-100-ml
665,PPAR250COM_20,Paradol Forte 250 mg. x 20 comprimidos,si,paradol-forte-250-mg-x-20-comprimidos
666,PPAR250JAR_100,Paracetamol 250 mg. / 5 ml. Jarabe x 1 Fco. x 100 ml.,si,paracetamol-250-mg--5-ml-jarabe-x-1-fco-x-100-ml
667,PPAR250SUP_50,Paracetamol 250 mg. x 50 supositorios,si,paracetamol-250-mg-x-50-supositorios
668,PPAR500COM100,Paracetamol 500 mg. x 100 comprimidos,si,paracetamol-500-mg-x-100-comprimidos
669,PPARMASCOM200,Paracetamol Masticable 125 mg. x 200 comprimidos,si,paracetamol-masticable-125-mg-x-200-comprimidos
670,PPDI550COM_50,Parafen 500/50 mg x 50 comprimidos,si,parafen-50050-mg-x-50-comprimidos
671,PPRE_20COM100,Prednisona 20 mg. x 100 comprimidos,si,prednisona-20-mg-x-100-comprimidos
672,PPRE__5COM100,Prednisona 5 mg. x 100 comprimidos,si,prednisona-5-mg-x-100-comprimidos
767,PPUN___COM100,Punacap x 100 comprimidos,si,punacap-x-100-comprimidos
768,PPUN___COM_20,Punacap x 20 comprimidos,si,punacap-x-20-comprimidos
774,PROSCUBZAP100BLA,Cubre Zapatos Descartable R&G Blanco 25gr x 100 unidades,si,cubre-zapatos-descartable-rg-blanco-25gr-x-100-unidades
776,PROSCUBZAPANT100CEL,Cubre Zapatos Descartable Antideslizante R&G Celeste 25gr x 100 unidades,si,cubre-zapatos-descartable-antideslizante-rg-celeste-25gr-x-100-unidades
800,PROSMASLIGNIÑ_50BLA,Mascarilla Plana (Barbijo) Para Niños Descartable R&G Blanca x 50 unidades,si,mascarilla-plana-barbijo-para-nios-descartable-rg-blanca-x-50-unidades
803,PROSMASLIG_50CEL,Mascarilla Plana (Barbijo) Descartable R&G Celeste x 50 unidades,si,mascarilla-plana-barbijo-descartable-rg-celeste-x-50-unidades
818,PSAL_20GRA_20,Sal Inglesa 20 g. x 20 sobres,si,sal-inglesa-20-g-x-20-sobres
819,PSAL__2JAR100,Salbutamol 2 mg. Jarabe x 1 Fco. x 100 ml.,si,salbutamol-2-mg-jarabe-x-1-fco-x-100-ml
820,PSAL__4COM_50,Salbutamol 4 mg. x 50 comprimidos,si,salbutamol-4-mg-x-50-comprimidos
916,PSIL100COM_20,Sildenafil 100 mg. x 20 comprimidos (blister x 4),si,sildenafil-100-mg-x-20-comprimidos-blister-x-4
917,PSIL_50COM_20,Sildenafil 50 mg. x 20 comprimidos (blister x 4),si,sildenafil-50-mg-x-20-comprimidos-blister-x-4
918,PSPLUES150,SPLUSH ES x 150 (Tableta edulcorante Estevia 28 mg),si,splush-es-x-150-tableta-edulcorante-estevia-28-mg
919,PSPLUES300,SPLUSH ES x 300 (Tableta edulcorante Estevia 28 mg),si,splush-es-x-300-tableta-edulcorante-estevia-28-mg
920,PSPLUES600,SPLUSH ES x 600 (Tableta edulcorante Estevia 28 mg),si,splush-es-x-600-tableta-edulcorante-estevia-28-mg
921,PSPLUSU150,SPLUSH SU x 150 (Tableta edulcorante Sucralosa 17 mg),si,splush-su-x-150-tableta-edulcorante-sucralosa-17-mg
922,PSPLUSU300,SPLUSH SU x 300 (Tableta edulcorante Sucralosa 17 mg),si,splush-su-x-300-tableta-edulcorante-sucralosa-17-mg
923,PSPLUSU600,SPLUSH SU x 600 (Tableta edulcorante Sucralosa 17 mg),si,splush-su-x-600-tableta-edulcorante-sucralosa-17-mg
924,PSUPBROINSUP50,Supositorio Bronquial Infantil x 50 supositorios,si,supositorio-bronquial-infantil-x-50-supositorios
925,PSUPBROLASUP50,Supositorio Bronquial Lactante x 50 supositorios,si,supositorio-bronquial-lactante-x-50-supositorios
926,PSUPGLIADSUP_50,Supositorio de Glicerina Adulto x 50 supositorios,si,supositorio-de-glicerina-adulto-x-50-supositorios
927,PSUPGLILASUP_50,Supositorio Largo de Glicerina x 50 supositorios,si,supositorio-largo-de-glicerina-x-50-supositorios
928,PSUPKISANI__1,ANILLO VIBRADOR KISS X 1 UNIDAD,si,anillo-vibrador-kiss-x-1-unidad
929,PSUPKISGEL100ML,LUBRICANTE INTIMO EFECTO RETARDANTE X 100ML,si,lubricante-intimo-efecto-retardante-x-100ml
930,PSUPKISPRE__4,PRESERVATIVO KISS CONDOMS PACK X 4,si,preservativo-kiss-condoms-pack-x-4
931,PTET500CAP100,Tetraciclina 500 mg. x 100 cápsulas,si,tetraciclina-500-mg-x-100-cpsulas
933,PVITB1300COM_30,Vitamina B1 300 mg. x 30 comprimidos,si,vitamina-b1-300-mg-x-30-comprimidos
934,PVITC100COM400,Vitamina C 100 mg. x 400 comprimidos,si,vitamina-c-100-mg-x-400-comprimidos
935,PVITC500COM150,Vitamina C 500 mg. x 150 comprimidos,si,vitamina-c-500-mg-x-150-comprimidos
936,PVITC__1GRA_25,Vitamina C 1 g. x 25 sobres,si,vitamina-c-1-g-x-25-sobres
937,PVITC__2GRA_25,Vitamina C 2 g. x 25 sobres,si,vitamina-c-2-g-x-25-sobres
938,PYOD1000LIQ_10,Yodo Povidona 1000 ml. 10% x 1 frasco,si,yodo-povidona-1000-ml-10porciento-x-1-frasco
939,PYOD_10SEM_10,Yodo Povidona 10% Crema x 1 tubo x 10 g.,si,yodo-povidona-10porciento-crema-x-1-tubo-x-10-g
940,PYOD_25LIQ_10,Yodo Povidona solución 25 ml. 10% x 1 frasco,si,yodo-povidona-solucin-25-ml-10porciento-x-1-frasco
